{"Mean":{"confidence_interval":{"confidence_level":0.95,"lower_bound":-0.8774813971351787,"upper_bound":-0.8716701310811006},"point_estimate":-0.8750786640601657,"standard_error":0.001538911541735731},"Median":{"confidence_interval":{"confidence_level":0.95,"lower_bound":-0.8768442339098466,"upper_bound":-0.8756765324645324},"point_estimate":-0.8760842439089852,"standard_error":0.00030367437486094814}}