{"Mean":{"confidence_interval":{"confidence_level":0.95,"lower_bound":48.22540376136101,"upper_bound":48.98380823046384},"point_estimate":48.58423128879626,"standard_error":0.1938349982270573},"Median":{"confidence_interval":{"confidence_level":0.95,"lower_bound":47.62049471472616,"upper_bound":47.903375916782515},"point_estimate":47.7217013453193,"standard_error":0.06339128245193537},"MedianAbsDev":{"confidence_interval":{"confidence_level":0.95,"lower_bound":0.38857076744756053,"upper_bound":0.8260964075323993},"point_estimate":0.5348754664719761,"standard_error":0.10715337724303321},"Slope":{"confidence_interval":{"confidence_level":0.95,"lower_bound":48.307212380732935,"upper_bound":49.67629611893693},"point_estimate":48.9483502110173,"standard_error":0.3510741931564602},"StdDev":{"confidence_interval":{"confidence_level":0.95,"lower_bound":1.4069456447450184,"upper_bound":2.437680708489898},"point_estimate":1.951412383083346,"standard_error":0.2648481236957796}}