{"Mean":{"confidence_interval":{"confidence_level":0.95,"lower_bound":5.965831952034139,"upper_bound":6.228719598321416},"point_estimate":6.069207078206331,"standard_error":0.06956373851103081},"Median":{"confidence_interval":{"confidence_level":0.95,"lower_bound":5.88115121188055,"upper_bound":5.928145466522391},"point_estimate":5.9134707041548396,"standard_error":0.012404158998676813},"MedianAbsDev":{"confidence_interval":{"confidence_level":0.95,"lower_bound":0.07633986949790322,"upper_bound":0.1458371351371319},"point_estimate":0.11817370946215633,"standard_error":0.018238962396452674},"Slope":{"confidence_interval":{"confidence_level":0.95,"lower_bound":5.943220539075506,"upper_bound":6.1172743101875495},"point_estimate":6.025162656313182,"standard_error":0.044652761558366935},"StdDev":{"confidence_interval":{"confidence_level":0.95,"lower_bound":0.21289021759154966,"upper_bound":1.143698941869744},"point_estimate":0.698788011245651,"standard_error":0.3066338217217723}}